,date,Order,Stock,pctCandle,fibRetr,fibBand,entryPrice,SL,Target,trail,Status,entryTime,exitTime,maxTarget,maxTargetTime
0,21-04-2023,Buy,ULTRACEMCO,0.52,0.49,<0.5,7301.05,7264.5,7352.2,0%,No entry,No entry,No exit,7289.9,2023-03-09 10:45:00+05:30
1,21-04-2023,Buy,HDFC,0.59,0.61,>0.5,2751,2737.2,2770.3,0%,SL Hit,2023-04-18 10:30:00+05:30,2023-04-18 11:00:00+05:30,2751.15,2023-04-18 13:00:00+05:30
2,21-04-2023,Buy,TITAN,0.72,0.53,>0.5,2599.95,2587,2618.1,0%,No entry,No entry,No exit,2595,2023-04-13 11:45:00+05:30
3,21-04-2023,Buy,NAUKRI,0.77,0.44,<0.5,3752,3733.2,3778.3,0%,Entered,2023-04-11 15:00:00+05:30,No exit,3765,2023-04-11 15:15:00+05:30
4,21-04-2023,Buy,ULTRACEMCO,0.81,0.6,>0.5,7145,7109.3,7195,0%,Entered,2023-02-15 15:00:00+05:30,No exit,7177,2023-02-15 15:15:00+05:30
5,21-04-2023,Buy,PIDILITIND,0.82,0.51,>0.5,2451.4,2439.1,2468.6,0%,SL Hit,2023-01-17 10:30:00+05:30,2023-01-17 11:15:00+05:30,2464,2023-01-17 10:45:00+05:30
6,21-04-2023,Buy,EXIDEIND,0.84,0.58,>0.5,183.9,183,185.2,0%,Entered,2023-01-17 10:45:00+05:30,No exit,184.6,2023-01-17 13:45:00+05:30
7,21-04-2023,Buy,UBL,0.85,0.48,<0.5,1478.05,1470.7,1488.4,0%,SL Hit,2023-02-16 11:15:00+05:30,2023-02-16 14:15:00+05:30,1479.5,2023-02-16 11:15:00+05:30
8,21-04-2023,Buy,M&M,0.9,0.6,>0.5,1373.4,1366.5,1383,0%,Target Hit,2023-02-15 14:30:00+05:30,2023-02-15 14:45:00+05:30,1383,2023-02-15 14:45:00+05:30
9,21-04-2023,Buy,COALINDIA,0.94,0.55,>0.5,224.25,223.1,225.8,0%,No entry,No entry,No exit,223.9,2023-04-11 10:15:00+05:30
10,21-04-2023,Buy,LTIM,0.95,0.58,>0.5,4505,4482.5,4536.5,0%,SL Hit,2023-01-25 13:00:00+05:30,2023-01-25 13:15:00+05:30,4505,2023-01-25 09:15:00+05:30
11,21-04-2023,Buy,INDIAMART,0.97,0.6,>0.5,4801.05,4777,4834.7,0%,SL Hit,2023-02-21 11:00:00+05:30,2023-02-21 14:45:00+05:30,4810,2023-02-21 11:00:00+05:30
12,21-04-2023,Buy,TCS,0.98,0.6,>0.5,3540,3522.3,3564.8,0%,Entered,2023-02-09 13:45:00+05:30,No exit,3547.5,2023-02-09 14:45:00+05:30
13,21-04-2023,Buy,HDFC,1,0.58,>0.5,2664,2650.7,2682.6,0%,No entry,No entry,No exit,2656.45,2023-02-22 11:15:00+05:30
14,21-04-2023,Buy,CIPLA,1.03,0.43,<0.5,906.3,902.3,912.6,1%,Target Hit,2023-04-18 11:15:00+05:30,2023-04-18 12:45:00+05:30,925.4,2023-04-18 15:15:00+05:30
15,21-04-2023,Buy,POWERGRID,1.04,0.35,<0.5,231.4,230.2,233,0%,SL Hit,2023-04-19 11:15:00+05:30,2023-04-19 12:15:00+05:30,231.4,2023-04-19 09:15:00+05:30
16,21-04-2023,Buy,HINDALCO,1.05,0.43,<0.5,415.5,413.4,418.4,0%,Entered,2023-04-11 13:00:00+05:30,No exit,418,2023-04-11 15:15:00+05:30
17,21-04-2023,Buy,NAUKRI,1.07,0.59,>0.5,3638,3619.8,3663.5,0%,SL Hit,2023-04-20 10:30:00+05:30,2023-04-20 13:30:00+05:30,3656.7,2023-04-20 12:00:00+05:30
18,21-04-2023,Buy,SUNPHARMA,1.07,0.6,>0.5,996.45,991.5,1003.4,0%,No entry,No entry,No exit,996.4,2023-02-17 11:00:00+05:30
19,21-04-2023,Buy,ABFRL,1.09,0.59,>0.5,289.75,288.3,291.8,0%,No entry,No entry,No exit,288.65,2023-01-02 11:00:00+05:30
20,21-04-2023,Buy,GAIL,1.09,0.52,>0.5,96.35,95.9,97,0%,No entry,No entry,No exit,96.3,2023-02-21 11:30:00+05:30
21,21-04-2023,Buy,NAVINFLUOR,1.09,0.6,>0.5,4104.9,4084.4,4133.6,0%,Target Hit,2023-01-19 11:00:00+05:30,2023-01-19 14:30:00+05:30,4144.95,2023-01-19 15:00:00+05:30
22,21-04-2023,Buy,HCLTECH,1.1,0.5,<0.5,1145.35,1139.6,1153.4,0%,Entered,2023-02-08 11:00:00+05:30,No exit,1149,2023-02-08 11:30:00+05:30
23,21-04-2023,Buy,ICICIPRULI,1.13,0.55,>0.5,474.25,471.9,477.6,0%,SL Hit,2023-01-23 11:00:00+05:30,2023-01-23 11:15:00+05:30,475.5,2023-01-23 15:00:00+05:30
24,21-04-2023,Buy,RAIN,1.13,0.5,<0.5,176.5,175.6,177.7,0%,No entry,No entry,No exit,175.8,2023-01-09 15:15:00+05:30
25,21-04-2023,Buy,CROMPTON,1.14,0.58,>0.5,290.3,288.8,292.3,0%,No entry,No entry,No exit,289,2023-03-17 10:45:00+05:30
26,21-04-2023,Buy,IRCTC,1.18,0.53,>0.5,607.8,604.8,612.1,0%,Entered,2023-02-28 12:30:00+05:30,No exit,610.65,2023-02-28 15:00:00+05:30
27,21-04-2023,Buy,UBL,1.18,0.42,<0.5,1597.9,1589.9,1609.1,0%,No entry,No entry,No exit,1595,2023-02-08 10:00:00+05:30
28,21-04-2023,Buy,JUBLFOOD,1.19,0.59,>0.5,440.25,438,443.3,0%,Target Hit,2023-04-20 10:45:00+05:30,2023-04-20 12:00:00+05:30,443.95,2023-04-20 12:00:00+05:30
29,21-04-2023,Buy,PETRONET,1.23,0.6,>0.5,215.45,214.4,217,0%,SL Hit,2023-02-07 11:00:00+05:30,2023-02-07 11:30:00+05:30,220,2023-02-07 15:15:00+05:30
30,21-04-2023,Buy,CHOLAFIN,1.25,0.61,>0.5,843.7,839.5,849.6,0%,Target Hit,2023-04-18 10:30:00+05:30,2023-04-18 11:15:00+05:30,851.8,2023-04-18 13:00:00+05:30
31,21-04-2023,Buy,BAJFINANCE,1.27,0.61,>0.5,6072,6041.6,6114.5,0%,No entry,No entry,No exit,6045,2023-01-16 10:45:00+05:30
32,21-04-2023,Buy,DABUR,1.27,0.61,>0.5,525.45,522.8,529.1,0%,Entered,2023-04-20 14:00:00+05:30,No exit,526.25,2023-04-20 15:00:00+05:30
33,21-04-2023,Buy,POWERGRID,1.27,0.37,<0.5,223.85,222.7,225.4,0%,No entry,No entry,No exit,223.75,2023-01-20 14:45:00+05:30
34,21-04-2023,Buy,TATASTEEL,1.28,0.57,>0.5,108.95,108.4,109.7,0%,No entry,No entry,No exit,108.7,2023-03-09 10:30:00+05:30
35,21-04-2023,Buy,NAUKRI,1.29,0.37,<0.5,3799.95,3782,3826.5,1%,Target Hit,2023-04-12 10:45:00+05:30,2023-04-12 14:00:00+05:30,3880,2023-04-12 14:30:00+05:30
36,21-04-2023,Buy,PIIND,1.29,0.58,>0.5,3463.95,3446.6,3488.2,0%,No entry,No entry,No exit,3455,2023-01-03 11:15:00+05:30
37,21-04-2023,Buy,AXISBANK,1.33,0.61,>0.5,857,852.7,863,0%,No entry,No entry,No exit,853.5,2023-03-13 10:45:00+05:30
38,21-04-2023,Buy,BRITANNIA,1.33,0.6,>0.5,4369.95,4348.1,4400.5,0%,SL Hit,2023-03-08 10:30:00+05:30,2023-03-08 11:30:00+05:30,4370,2023-03-08 10:45:00+05:30
39,21-04-2023,Buy,NMDC,1.33,0.61,>0.5,124.45,123.8,125.3,0%,No entry,No entry,No exit,124,2023-01-09 10:00:00+05:30
40,21-04-2023,Buy,BAJAJ-AUTO,1.39,0.58,>0.5,3774,3755.1,3800.4,0%,No entry,No entry,No exit,3766.95,2023-03-06 10:45:00+05:30
41,21-04-2023,Buy,JKCEMENT,1.39,0.57,>0.5,2708.65,2695.1,2727.6,0%,Target Hit,2023-01-31 11:45:00+05:30,2023-01-31 13:15:00+05:30,2732,2023-01-31 13:30:00+05:30
42,21-04-2023,Buy,JINDALSTEL,1.41,0.43,<0.5,560.9,558.1,564.8,0%,Entered,2023-04-11 10:30:00+05:30,No exit,563.9,2023-04-11 13:15:00+05:30
43,21-04-2023,Buy,OFSS,1.41,0.49,<0.5,3319,3302.4,3342.2,0%,No entry,No entry,No exit,3311.55,2023-04-19 13:30:00+05:30
44,21-04-2023,Buy,ICICIBANK,1.43,0.42,<0.5,872.6,868.2,878.7,0%,No entry,No entry,No exit,866.15,2023-02-03 10:45:00+05:30
45,21-04-2023,Buy,JSWSTEEL,1.44,0.53,>0.5,735.9,732.2,741.1,0%,No entry,No entry,No exit,732.7,2023-02-21 10:45:00+05:30
46,21-04-2023,Buy,ADANIPORTS,1.46,0.57,>0.5,786.55,782.6,792.1,0%,No entry,No entry,No exit,782.25,2023-01-20 11:45:00+05:30
47,21-04-2023,Buy,TATAMOTORS,1.48,0.54,>0.5,437.75,435.6,440.8,0%,No entry,No entry,No exit,436.85,2023-03-10 15:15:00+05:30
48,21-04-2023,Buy,ITC,1.49,0.4,<0.5,381.85,379.9,384.5,0%,Target Hit,2023-03-03 12:00:00+05:30,2023-03-03 14:30:00+05:30,385.35,2023-03-03 15:15:00+05:30
49,21-04-2023,Buy,SBILIFE,1.5,0.61,>0.5,1322,1315.4,1331.3,0%,No entry,No entry,No exit,1314.05,2023-01-18 15:15:00+05:30
50,21-04-2023,Buy,OFSS,1.51,0.45,<0.5,3204.8,3188.8,3227.2,0%,SL Hit,2023-03-15 11:45:00+05:30,2023-03-15 12:30:00+05:30,3206,2023-03-15 12:00:00+05:30
51,21-04-2023,Buy,JKCEMENT,1.53,0.53,>0.5,2884.55,2870.1,2904.7,0%,No entry,No entry,No exit,2867.25,2023-03-08 10:45:00+05:30
52,21-04-2023,Buy,NATIONALUM,1.55,0.56,>0.5,80.5,80.1,81.1,1%,Target Hit,2023-04-17 11:15:00+05:30,2023-04-17 12:00:00+05:30,81.65,2023-04-17 15:00:00+05:30
53,21-04-2023,Buy,SYNGENE,1.55,0.51,>0.5,577,574.1,581,0%,Target Hit,2023-03-10 11:15:00+05:30,2023-03-10 14:45:00+05:30,582.9,2023-03-10 15:00:00+05:30
54,21-04-2023,Buy,LICHSGFIN,1.59,0.48,<0.5,409.6,407.6,412.5,0%,No entry,No entry,No exit,406.9,2023-01-16 10:45:00+05:30
55,21-04-2023,Buy,ONGC,1.6,0.5,<0.5,143.9,143.2,144.9,0%,SL Hit,2023-02-06 11:00:00+05:30,2023-02-06 14:00:00+05:30,144.2,2023-02-06 11:00:00+05:30
56,21-04-2023,Buy,ATUL,1.62,0.46,<0.5,7273.85,7237.5,7324.8,0%,SL Hit,2023-02-01 10:30:00+05:30,2023-02-01 13:30:00+05:30,7313.75,2023-02-01 12:30:00+05:30
57,21-04-2023,Buy,MFSL,1.63,0.52,>0.5,841.8,837.6,847.7,0%,No entry,No entry,No exit,839.95,2023-01-20 14:00:00+05:30
58,21-04-2023,Buy,RAIN,1.64,0.45,<0.5,167.3,166.5,168.5,0%,No entry,No entry,No exit,166.7,2023-03-09 09:45:00+05:30
59,21-04-2023,Buy,VOLTAS,1.66,0.6,>0.5,888,883.6,894.2,0%,Target Hit,2023-02-21 12:45:00+05:30,2023-02-21 14:45:00+05:30,897.9,2023-02-21 15:15:00+05:30
60,21-04-2023,Buy,MARICO,1.7,0.47,<0.5,503.9,501.4,507.4,0%,SL Hit,2023-01-20 11:15:00+05:30,2023-01-20 13:15:00+05:30,506.65,2023-01-20 14:45:00+05:30
61,21-04-2023,Buy,UPL,1.72,0.49,<0.5,718.9,715.3,723.9,0%,No entry,No entry,No exit,713.8,2023-03-13 10:45:00+05:30
62,21-04-2023,Buy,LTIM,1.73,0.61,>0.5,4845,4820.8,4878.9,0%,No entry,No entry,No exit,4830,2023-03-06 15:00:00+05:30
63,21-04-2023,Buy,INDIACEM,1.74,0.53,>0.5,221.9,220.8,223.5,0%,No entry,No entry,No exit,220.2,2023-01-09 15:00:00+05:30
64,21-04-2023,Buy,SBILIFE,1.74,0.6,>0.5,1101.4,1095.9,1109.1,0%,No entry,No entry,No exit,1090.55,2023-03-13 10:45:00+05:30
65,21-04-2023,Buy,GRANULES,1.75,0.47,<0.5,323.15,321.5,325.4,1%,Target Hit,2023-01-09 10:30:00+05:30,2023-01-09 15:00:00+05:30,329.35,2023-01-09 15:00:00+05:30
66,21-04-2023,Buy,TATASTEEL,1.75,0.5,<0.5,119.75,119.2,120.6,0%,No entry,No entry,No exit,119.1,2023-01-10 15:15:00+05:30
67,21-04-2023,Buy,RAMCOCEM,1.81,0.6,>0.5,688.45,685,693.3,0%,SL Hit,2023-02-01 11:00:00+05:30,2023-02-01 11:15:00+05:30,699.95,2023-02-01 12:45:00+05:30
68,21-04-2023,Buy,NATIONALUM,1.9,0.47,<0.5,84.15,83.7,84.7,0%,SL Hit,2023-03-15 11:15:00+05:30,2023-03-15 13:45:00+05:30,84.4,2023-03-15 11:30:00+05:30
69,21-04-2023,Buy,KOTAKBANK,1.92,0.52,>0.5,1753.6,1744.8,1765.9,0%,SL Hit,2023-02-02 11:00:00+05:30,2023-02-02 12:45:00+05:30,1768,2023-02-02 15:15:00+05:30
70,21-04-2023,Buy,PERSISTENT,1.92,0.48,<0.5,4880,4855.6,4914.2,0%,No entry,No entry,No exit,4877,2023-02-03 14:30:00+05:30
71,21-04-2023,Buy,IPCALAB,1.94,0.57,>0.5,876,871.6,882.1,0%,SL Hit,2023-01-23 11:30:00+05:30,2023-01-23 11:45:00+05:30,876,2023-01-23 09:15:00+05:30
72,21-04-2023,Buy,SUNPHARMA,1.94,0.59,>0.5,1021.2,1016.1,1028.3,0%,No entry,No entry,No exit,1014.75,2023-02-09 10:45:00+05:30
73,21-04-2023,Buy,NMDC,1.96,0.59,>0.5,112.45,111.9,113.2,0%,SL Hit,2023-02-27 11:00:00+05:30,2023-02-27 11:15:00+05:30,112.5,2023-02-27 11:00:00+05:30
74,21-04-2023,Buy,IPCALAB,1.97,0.36,<0.5,843.7,839.5,849.6,0%,No entry,No entry,No exit,837.15,2023-04-10 10:45:00+05:30
75,21-04-2023,Buy,RAIN,1.99,0.44,<0.5,165.5,164.7,166.7,0%,No entry,No entry,No exit,165.35,2023-03-06 10:45:00+05:30
76,21-04-2023,Buy,PIIND,2,0.52,>0.5,3169.95,3154.1,3192.1,0%,No entry,No entry,No exit,3168,2023-03-09 11:00:00+05:30
77,21-04-2023,Buy,GLENMARK,2.01,0.51,>0.5,427.8,425.7,430.8,0%,Target Hit,2023-03-10 15:00:00+05:30,2023-03-10 15:15:00+05:30,430.8,2023-03-10 15:15:00+05:30
78,21-04-2023,Buy,TRENT,2.01,0.47,<0.5,1338.1,1331.4,1347.5,0%,Target Hit,2023-02-15 10:30:00+05:30,2023-02-15 11:30:00+05:30,1351.75,2023-02-15 12:00:00+05:30
79,21-04-2023,Buy,ICICIPRULI,2.02,0.5,<0.5,394.35,392.4,397.1,0%,No entry,No entry,No exit,391.9,2023-03-14 10:45:00+05:30
80,21-04-2023,Buy,MFSL,2.03,0.61,>0.5,661.15,657.8,665.8,0%,No entry,No entry,No exit,651.25,2023-03-17 10:45:00+05:30
81,21-04-2023,Buy,HDFC,2.06,0.31,<0.5,2613.8,2600.7,2632.1,0%,SL Hit,2023-02-28 10:30:00+05:30,2023-02-28 11:30:00+05:30,2619.95,2023-02-28 15:15:00+05:30
82,21-04-2023,Buy,ASHOKLEY,2.07,0.54,>0.5,151.85,151.1,152.9,0%,No entry,No entry,No exit,150.6,2023-02-15 10:45:00+05:30
83,21-04-2023,Buy,INDUSINDBK,2.07,0.41,<0.5,1077.4,1072,1084.9,0%,No entry,No entry,No exit,1076,2023-04-11 11:00:00+05:30
84,21-04-2023,Buy,PVR,2.09,0.58,>0.5,1715.9,1707.3,1727.9,0%,No entry,No entry,No exit,1711,2023-02-10 12:30:00+05:30
85,21-04-2023,Buy,ZEEL,2.13,0.6,>0.5,194.6,193.6,196,0%,SL Hit,2023-03-10 11:45:00+05:30,2023-03-10 12:15:00+05:30,195.3,2023-03-10 11:45:00+05:30
86,21-04-2023,Buy,HDFCAMC,2.16,0.5,<0.5,1881.55,1872.1,1894.7,0%,No entry,No entry,No exit,1864,2023-02-02 11:00:00+05:30
87,21-04-2023,Buy,UPL,2.18,0.41,<0.5,780,776.1,785.5,0%,No entry,No entry,No exit,777,2023-02-17 10:45:00+05:30
88,21-04-2023,Buy,ACC,2.25,0.47,<0.5,1852.9,1843.6,1865.9,0%,SL Hit,2023-02-15 10:45:00+05:30,2023-02-15 13:15:00+05:30,1864.65,2023-02-15 11:45:00+05:30
89,21-04-2023,Buy,SRF,2.28,0.59,>0.5,2235,2223.8,2250.6,0%,Entered,2023-03-01 13:45:00+05:30,No exit,2241.65,2023-03-01 14:45:00+05:30
90,21-04-2023,Buy,DIVISLAB,2.37,0.5,<0.5,3395.65,3378.7,3419.4,0%,SL Hit,2023-01-27 10:30:00+05:30,2023-01-27 11:15:00+05:30,3397,2023-01-27 11:15:00+05:30
91,21-04-2023,Buy,MGL,2.46,0.6,>0.5,887,882.6,893.2,0%,No entry,No entry,No exit,881.45,2023-02-23 10:45:00+05:30
92,21-04-2023,Buy,COFORGE,2.52,0.43,<0.5,4460,4437.7,4491.2,0%,No entry,No entry,No exit,4458.35,2023-01-24 11:45:00+05:30
93,21-04-2023,Buy,MOTHERSON,2.56,0.36,<0.5,76.1,75.7,76.6,0%,No entry,No entry,No exit,75.9,2023-01-02 10:00:00+05:30
94,21-04-2023,Buy,BRITANNIA,2.58,0.44,<0.5,4444.5,4422.3,4475.6,0%,No entry,No entry,No exit,4400,2023-02-01 15:15:00+05:30
95,21-04-2023,Buy,NMDC,2.64,0.45,<0.5,122.9,122.3,123.8,0%,No entry,No entry,No exit,121.85,2023-02-21 10:45:00+05:30
96,21-04-2023,Buy,BSOFT,2.7,0.62,>0.5,312.55,311,314.7,0%,No entry,No entry,No exit,309.5,2023-01-24 13:00:00+05:30
97,21-04-2023,Buy,INTELLECT,2.72,0.58,>0.5,449.2,447,452.3,0%,No entry,No entry,No exit,446.1,2023-01-04 10:45:00+05:30
98,21-04-2023,Buy,PNB,2.72,0.57,>0.5,51.55,51.3,51.9,0%,Target Hit,2023-03-03 12:00:00+05:30,2023-03-03 14:00:00+05:30,51.9,2023-03-03 14:00:00+05:30
99,21-04-2023,Buy,ESCORTS,2.77,0.55,>0.5,1976.35,1966.5,1990.2,0%,SL Hit,2023-02-09 14:15:00+05:30,2023-02-09 14:30:00+05:30,1995.95,2023-02-09 14:15:00+05:30
100,21-04-2023,Buy,LAURUSLABS,2.79,0.53,>0.5,335.4,333.7,337.7,0%,No entry,No entry,No exit,331.9,2023-02-17 10:30:00+05:30
101,21-04-2023,Buy,MOTHERSON,2.8,0.53,>0.5,76.9,76.5,77.4,0%,No entry,No entry,No exit,76.3,2023-02-03 14:30:00+05:30
102,21-04-2023,Buy,DALBHARAT,2.81,0.61,>0.5,1810.9,1801.8,1823.6,0%,No entry,No entry,No exit,1782.4,2023-03-13 10:45:00+05:30
103,21-04-2023,Buy,CONCOR,2.84,0.61,>0.5,598,595,602.2,0%,No entry,No entry,No exit,597.15,2023-04-11 13:30:00+05:30
104,21-04-2023,Buy,EICHERMOT,2.85,0.48,<0.5,3297,3280.5,3320.1,1%,Target Hit,2023-02-15 11:00:00+05:30,2023-02-15 11:15:00+05:30,3341,2023-02-15 11:15:00+05:30
105,21-04-2023,Buy,ULTRACEMCO,2.9,0.46,<0.5,7390.05,7353.1,7441.8,0%,SL Hit,2023-02-17 10:45:00+05:30,2023-02-17 11:15:00+05:30,7393.3,2023-02-17 10:45:00+05:30
106,21-04-2023,Buy,FEDERALBNK,3.17,0.41,<0.5,134.25,133.6,135.2,0%,No entry,No entry,No exit,133.2,2023-02-06 11:00:00+05:30
107,21-04-2023,Buy,MANAPPURAM,3.24,0.45,<0.5,117.4,116.8,118.2,0%,Target Hit,2023-03-09 10:45:00+05:30,2023-03-09 11:00:00+05:30,118.45,2023-03-09 12:15:00+05:30
108,21-04-2023,Buy,ESCORTS,3.27,0.57,>0.5,1989.2,1979.3,2003.1,0%,No entry,No entry,No exit,1970.95,2023-04-13 15:15:00+05:30
109,21-04-2023,Buy,VEDL,3.27,0.35,<0.5,275.2,273.8,277.1,1%,Target Hit,2023-03-01 12:30:00+05:30,2023-03-01 13:30:00+05:30,279.4,2023-03-01 15:15:00+05:30
110,21-04-2023,Buy,GUJGASLTD,3.34,0.59,>0.5,525.9,523.3,529.6,0%,No entry,No entry,No exit,517.25,2023-03-06 10:45:00+05:30
111,21-04-2023,Buy,HINDALCO,3.34,0.51,>0.5,409.95,407.9,412.8,0%,No entry,No entry,No exit,409,2023-03-08 11:15:00+05:30
112,21-04-2023,Buy,BPCL,3.39,0.54,>0.5,346.4,344.7,348.8,0%,SL Hit,2023-03-16 10:45:00+05:30,2023-03-16 11:00:00+05:30,352.5,2023-03-16 15:15:00+05:30
113,21-04-2023,Buy,TECHM,3.41,0.52,>0.5,1164.7,1158.9,1172.9,0%,No entry,No entry,No exit,1150,2023-03-13 10:45:00+05:30
114,21-04-2023,Sell,BAJAJ-AUTO,0.52,0.42,<0.5,4288.55,4298,4258.5,1%,Target Hit,2023-04-17 11:30:00+05:30,2023-04-17 11:45:00+05:30,4222.25,2023-04-17 14:15:00+05:30
115,21-04-2023,Sell,ALKEM,0.64,0.42,<0.5,3256.2,3272.5,3233.4,0%,SL Hit,2023-02-23 10:45:00+05:30,2023-02-23 14:30:00+05:30,3250,2023-02-23 13:30:00+05:30
116,21-04-2023,Sell,ULTRACEMCO,0.67,0.58,>0.5,7207,7235,7156.6,0%,Entered,2023-03-06 10:30:00+05:30,No exit,7191,2023-03-06 13:45:00+05:30
117,21-04-2023,Sell,METROPOLIS,0.8,0.43,<0.5,1381.2,1388.1,1371.5,0%,Target Hit,2023-01-18 13:45:00+05:30,2023-01-18 15:15:00+05:30,1368,2023-01-18 15:15:00+05:30
118,21-04-2023,Sell,SBICARD,0.85,0.35,<0.5,779.4,783.3,773.9,0%,SL Hit,2023-01-10 10:30:00+05:30,2023-01-10 15:15:00+05:30,774.8,2023-01-10 11:30:00+05:30
119,21-04-2023,Sell,SHRIRAMFIN,0.85,0.58,>0.5,1212.9,1219,1204.4,0%,Entered,2023-03-03 15:15:00+05:30,No exit,1210.5,2023-03-03 15:15:00+05:30
120,21-04-2023,Sell,RAMCOCEM,0.86,0.53,>0.5,707.8,711.3,702.8,0%,SL Hit,2023-01-16 10:30:00+05:30,2023-01-16 10:45:00+05:30,710.1,2023-01-16 14:15:00+05:30
121,21-04-2023,Sell,MARICO,0.9,0.47,<0.5,490.75,493.2,487.3,0%,SL Hit,2023-02-15 13:00:00+05:30,2023-02-15 15:00:00+05:30,489.4,2023-02-15 13:15:00+05:30
122,21-04-2023,Sell,IRCTC,0.91,0.56,>0.5,639.05,642.2,634.6,0%,No entry,No entry,No exit,641.35,2023-02-21 10:45:00+05:30
123,21-04-2023,Sell,MFSL,0.91,0.57,>0.5,845.05,849.3,839.1,0%,No entry,No entry,No exit,845.5,2023-01-25 15:00:00+05:30
124,21-04-2023,Sell,AUROPHARMA,0.93,0.53,>0.5,443.85,446.1,440.7,0%,Target Hit,2023-01-09 11:15:00+05:30,2023-01-09 12:30:00+05:30,440.05,2023-01-09 13:45:00+05:30
125,21-04-2023,Sell,BIOCON,0.93,0.57,>0.5,249.15,250.4,247.4,0%,Entered,2023-01-17 11:15:00+05:30,No exit,247.55,2023-01-17 13:15:00+05:30
126,21-04-2023,Sell,TCS,0.93,0.59,>0.5,3240,3256.2,3217.3,1%,Target Hit,2023-04-11 10:30:00+05:30,2023-04-11 11:30:00+05:30,3192.15,2023-04-11 13:00:00+05:30
127,21-04-2023,Sell,ATUL,0.95,0.46,<0.5,7052.1,7087.4,7002.7,2%,Target Hit,2023-04-19 12:00:00+05:30,2023-04-19 13:00:00+05:30,6852.05,2023-04-19 14:00:00+05:30
128,21-04-2023,Sell,BALKRISIND,0.95,0.58,>0.5,2013.2,2023.3,1999.1,0%,Target Hit,2023-02-16 10:45:00+05:30,2023-02-16 15:00:00+05:30,1996.1,2023-02-16 15:15:00+05:30
129,21-04-2023,Sell,TECHM,0.95,0.61,>0.5,1004.1,1009.1,997.1,0%,No entry,No entry,No exit,1010.1,2023-02-10 10:45:00+05:30
130,21-04-2023,Sell,SUNPHARMA,0.97,0.61,>0.5,959.3,964.1,952.6,0%,Entered,2023-03-17 12:00:00+05:30,No exit,952.75,2023-03-17 15:15:00+05:30
131,21-04-2023,Sell,GAIL,0.98,0.47,<0.5,95.8,96.3,95.1,0%,No entry,No entry,No exit,95.9,2023-01-16 11:00:00+05:30
132,21-04-2023,Sell,WIPRO,0.98,0.61,>0.5,404,406,401.2,0%,No entry,No entry,No exit,404.05,2023-02-17 11:00:00+05:30
133,21-04-2023,Sell,BAJAJ-AUTO,0.99,0.61,>0.5,3551.25,3569,3526.4,0%,No entry,No entry,No exit,3563,2023-01-20 12:30:00+05:30
134,21-04-2023,Sell,ICICIGI,0.99,0.61,>0.5,1081.65,1087.1,1074.1,0%,No entry,No entry,No exit,1083.5,2023-03-08 12:00:00+05:30
135,21-04-2023,Sell,WIPRO,0.99,0.56,>0.5,401.3,403.3,398.5,0%,No entry,No entry,No exit,401.55,2023-01-20 14:30:00+05:30
136,21-04-2023,Sell,ASHOKLEY,1,0.6,>0.5,148.1,148.8,147.1,0%,SL Hit,2023-02-14 11:00:00+05:30,2023-02-14 11:15:00+05:30,148.1,2023-02-14 09:15:00+05:30
137,21-04-2023,Sell,SBILIFE,1.01,0.61,>0.5,1287.9,1294.3,1278.9,1%,Target Hit,2023-01-24 11:00:00+05:30,2023-01-24 12:00:00+05:30,1270.2,2023-01-24 15:15:00+05:30
138,21-04-2023,Sell,SBICARD,1.02,0.38,<0.5,758.4,762.2,753.1,0%,SL Hit,2023-01-24 10:45:00+05:30,2023-01-24 13:15:00+05:30,732.25,2023-01-24 14:30:00+05:30
139,21-04-2023,Sell,ZEEL,1.02,0.47,<0.5,227.6,228.7,226,0%,SL Hit,2023-01-17 10:45:00+05:30,2023-01-17 11:30:00+05:30,227.5,2023-01-17 10:45:00+05:30
140,21-04-2023,Sell,BATAINDIA,1.03,0.4,<0.5,1627.95,1636.1,1616.6,0%,No entry,No entry,No exit,1631.15,2023-01-09 10:45:00+05:30
141,21-04-2023,Sell,DIXON,1.03,0.61,>0.5,3681.85,3700.3,3656.1,1%,Target Hit,2023-01-12 12:00:00+05:30,2023-01-12 12:45:00+05:30,3634.35,2023-01-12 13:15:00+05:30
142,21-04-2023,Sell,HDFCAMC,1.04,0.5,<0.5,1714,1722.6,1702,2%,Target Hit,2023-03-15 11:00:00+05:30,2023-03-15 11:15:00+05:30,1670,2023-03-15 14:45:00+05:30
143,21-04-2023,Sell,GNFC,1.05,0.56,>0.5,559,561.8,555.1,0%,SL Hit,2023-01-03 11:00:00+05:30,2023-01-03 14:00:00+05:30,557,2023-01-03 12:15:00+05:30
144,21-04-2023,Sell,ABCAPITAL,1.06,0.48,<0.5,144.85,145.6,143.8,0%,No entry,No entry,No exit,145,2023-01-23 09:30:00+05:30
145,21-04-2023,Sell,DRREDDY,1.06,0.49,<0.5,4319.35,4340.9,4289.1,0%,No entry,No entry,No exit,4325.1,2023-01-23 11:00:00+05:30
146,21-04-2023,Sell,POWERGRID,1.07,0.43,<0.5,212.7,213.8,211.2,0%,No entry,No entry,No exit,213.1,2023-01-16 11:00:00+05:30
147,21-04-2023,Sell,IEX,1.08,0.52,>0.5,142.05,142.8,141.1,0%,SL Hit,2023-02-28 10:30:00+05:30,2023-02-28 11:45:00+05:30,142,2023-02-28 10:30:00+05:30
148,21-04-2023,Sell,SAIL,1.08,0.44,<0.5,82.15,82.6,81.6,0%,SL Hit,2023-04-11 12:15:00+05:30,2023-04-11 13:30:00+05:30,81.7,2023-04-11 12:45:00+05:30
149,21-04-2023,Sell,BATAINDIA,1.09,0.55,>0.5,1485,1492.4,1474.6,0%,No entry,No entry,No exit,1486.05,2023-02-14 10:45:00+05:30
150,21-04-2023,Sell,IPCALAB,1.09,0.5,<0.5,870.25,874.6,864.2,0%,Entered,2023-01-19 15:15:00+05:30,No exit,868.15,2023-01-19 15:15:00+05:30
151,21-04-2023,Sell,HINDUNILVR,1.1,0.53,>0.5,2531.85,2544.5,2514.1,0%,SL Hit,2023-04-18 14:45:00+05:30,2023-04-18 15:15:00+05:30,2530.8,2023-04-18 15:00:00+05:30
152,21-04-2023,Sell,NAUKRI,1.11,0.56,>0.5,3680,3698.4,3654.2,0%,SL Hit,2023-02-01 11:15:00+05:30,2023-02-01 12:30:00+05:30,3553.95,2023-02-01 14:45:00+05:30
153,21-04-2023,Sell,WHIRLPOOL,1.13,0.5,<0.5,1428.65,1435.8,1418.6,0%,No entry,No entry,No exit,1429,2023-01-19 13:00:00+05:30
154,21-04-2023,Sell,ASIANPAINT,1.14,0.53,>0.5,2768,2781.8,2748.6,0%,No entry,No entry,No exit,2777,2023-01-23 13:00:00+05:30
155,21-04-2023,Sell,IBULHSGFIN,1.14,0.41,<0.5,139.15,139.8,138.2,0%,SL Hit,2023-01-18 10:30:00+05:30,2023-01-18 11:00:00+05:30,139.15,2023-01-18 09:15:00+05:30
156,21-04-2023,Sell,RECLTD,1.14,0.56,>0.5,116.85,117.4,116,0%,Entered,2023-02-10 10:30:00+05:30,No exit,116.5,2023-02-10 12:30:00+05:30
157,21-04-2023,Sell,WIPRO,1.14,0.59,>0.5,359.3,361.1,356.8,0%,No entry,No entry,No exit,361.1,2023-04-18 10:45:00+05:30
158,21-04-2023,Sell,SBICARD,1.16,0.58,>0.5,759.1,762.9,753.8,0%,No entry,No entry,No exit,763,2023-01-18 11:45:00+05:30
159,21-04-2023,Sell,TATACONSUM,1.16,0.52,>0.5,763.75,767.6,758.4,0%,Target Hit,2023-01-11 11:30:00+05:30,2023-01-11 14:00:00+05:30,755.5,2023-01-11 14:00:00+05:30
160,21-04-2023,Sell,UBL,1.16,0.48,<0.5,1453.2,1460.5,1443,0%,No entry,No entry,No exit,1458,2023-02-21 10:45:00+05:30
161,21-04-2023,Sell,CHAMBLFERT,1.18,0.53,>0.5,306.05,307.6,303.9,0%,Target Hit,2023-01-20 13:30:00+05:30,2023-01-20 15:00:00+05:30,302.5,2023-01-20 15:15:00+05:30
162,21-04-2023,Sell,COLPAL,1.19,0.43,<0.5,1450,1457.2,1439.8,0%,SL Hit,2023-02-03 12:00:00+05:30,2023-02-03 14:30:00+05:30,1450,2023-02-03 09:15:00+05:30
163,21-04-2023,Sell,IPCALAB,1.19,0.61,>0.5,853,857.3,847,0%,Target Hit,2023-01-31 11:45:00+05:30,2023-01-31 12:00:00+05:30,845,2023-01-31 12:15:00+05:30
164,21-04-2023,Sell,HEROMOTOCO,1.21,0.57,>0.5,2445,2457.2,2427.9,0%,Target Hit,2023-04-18 11:30:00+05:30,2023-04-18 13:45:00+05:30,2425,2023-04-18 13:45:00+05:30
165,21-04-2023,Sell,UPL,1.21,0.43,<0.5,707.1,710.6,702.2,0%,Entered,2023-03-02 14:30:00+05:30,No exit,704.55,2023-03-02 15:15:00+05:30
166,21-04-2023,Sell,TATASTEEL,1.22,0.59,>0.5,117.8,118.4,117,0%,SL Hit,2023-01-12 12:30:00+05:30,2023-01-12 14:15:00+05:30,117.6,2023-01-12 12:30:00+05:30
167,21-04-2023,Sell,BHARTIARTL,1.23,0.52,>0.5,747.75,751.5,742.5,0%,Target Hit,2023-02-28 11:30:00+05:30,2023-02-28 14:00:00+05:30,739.65,2023-02-28 15:15:00+05:30
168,21-04-2023,Sell,CUMMINSIND,1.23,0.38,<0.5,1487.85,1495.3,1477.4,0%,Entered,2023-04-18 12:30:00+05:30,No exit,1481,2023-04-18 13:45:00+05:30
169,21-04-2023,Sell,DEEPAKNTR,1.23,0.56,>0.5,1804,1813,1791.4,0%,No entry,No entry,No exit,1804.5,2023-02-09 15:15:00+05:30
170,21-04-2023,Sell,DRREDDY,1.24,0.52,>0.5,4285,4306.4,4255,0%,No entry,No entry,No exit,4300.7,2023-01-30 13:30:00+05:30
171,21-04-2023,Sell,INFY,1.24,0.42,<0.5,1238.75,1244.9,1230.1,0%,Target Hit,2023-04-19 13:15:00+05:30,2023-04-19 15:15:00+05:30,1229.45,2023-04-19 15:15:00+05:30
172,21-04-2023,Sell,RELIANCE,1.24,0.49,<0.5,2352.5,2364.3,2336,0%,Entered,2023-01-31 11:00:00+05:30,No exit,2341,2023-01-31 14:00:00+05:30
173,21-04-2023,Sell,BHARATFORG,1.25,0.55,>0.5,827.1,831.2,821.3,0%,SL Hit,2023-02-24 12:45:00+05:30,2023-02-24 15:15:00+05:30,823.55,2023-02-24 15:00:00+05:30
174,21-04-2023,Sell,INFY,1.25,0.49,<0.5,1487.1,1494.5,1476.7,0%,Target Hit,2023-01-05 11:45:00+05:30,2023-01-05 12:30:00+05:30,1469.35,2023-01-05 14:15:00+05:30
175,21-04-2023,Sell,SBICARD,1.25,0.42,<0.5,761.25,765.1,755.9,1%,Target Hit,2023-01-20 11:45:00+05:30,2023-01-20 12:45:00+05:30,751,2023-01-20 15:00:00+05:30
176,21-04-2023,Sell,SIEMENS,1.25,0.46,<0.5,3322.5,3339.1,3299.2,0%,No entry,No entry,No exit,3335.85,2023-04-06 13:30:00+05:30
177,21-04-2023,Sell,WHIRLPOOL,1.26,0.58,>0.5,1326.05,1332.7,1316.8,0%,Entered,2023-04-10 11:00:00+05:30,No exit,1320.05,2023-04-10 15:15:00+05:30
178,21-04-2023,Sell,HEROMOTOCO,1.28,0.55,>0.5,2729.7,2743.3,2710.6,0%,No entry,No entry,No exit,2743.5,2023-01-17 12:45:00+05:30
179,21-04-2023,Sell,NTPC,1.28,0.57,>0.5,162.6,163.4,161.5,0%,No entry,No entry,No exit,162.7,2023-02-03 10:45:00+05:30
180,21-04-2023,Sell,SBILIFE,1.28,0.53,>0.5,1292.45,1298.9,1283.4,0%,Entered,2023-01-11 15:00:00+05:30,No exit,1287.35,2023-01-11 15:15:00+05:30
181,21-04-2023,Sell,ASHOKLEY,1.29,0.53,>0.5,145.6,146.3,144.6,0%,Entered,2023-01-19 14:15:00+05:30,No exit,145.6,2023-01-19 09:15:00+05:30
182,21-04-2023,Sell,MCDOWELL-N,1.29,0.57,>0.5,786.1,790,780.6,0%,SL Hit,2023-02-16 10:45:00+05:30,2023-02-16 12:15:00+05:30,783.45,2023-02-16 15:15:00+05:30
183,21-04-2023,Sell,BRITANNIA,1.31,0.37,<0.5,4381,4402.9,4350.3,0%,Entered,2023-01-27 12:30:00+05:30,No exit,4353.85,2023-01-27 14:00:00+05:30
184,21-04-2023,Sell,GODREJPROP,1.31,0.54,>0.5,1231.65,1237.8,1223,1%,Target Hit,2023-01-17 11:30:00+05:30,2023-01-17 12:30:00+05:30,1215.2,2023-01-17 13:15:00+05:30
185,21-04-2023,Sell,MANAPPURAM,1.31,0.6,>0.5,113.2,113.8,112.4,0%,No entry,No entry,No exit,113.25,2023-02-10 11:00:00+05:30
186,21-04-2023,Sell,SAIL,1.31,0.35,<0.5,86.95,87.4,86.3,0%,SL Hit,2023-01-09 10:30:00+05:30,2023-01-09 12:30:00+05:30,86.9,2023-01-09 11:00:00+05:30
187,21-04-2023,Sell,DABUR,1.32,0.61,>0.5,566.4,569.2,562.4,2%,Target Hit,2023-01-06 11:00:00+05:30,2023-01-06 12:45:00+05:30,548.5,2023-01-06 14:00:00+05:30
188,21-04-2023,Sell,AARTIIND,1.33,0.59,>0.5,546.65,549.4,542.8,0%,Entered,2023-04-19 13:45:00+05:30,No exit,542.95,2023-04-19 15:15:00+05:30
189,21-04-2023,Sell,BAJFINANCE,1.33,0.6,>0.5,5940,5969.7,5898.4,0%,No entry,No entry,No exit,5947.2,2023-01-17 13:15:00+05:30
190,21-04-2023,Sell,NAVINFLUOR,1.33,0.58,>0.5,4202.35,4223.4,4172.9,2%,Target Hit,2023-02-14 10:30:00+05:30,2023-02-14 10:45:00+05:30,4080,2023-02-14 15:00:00+05:30
191,21-04-2023,Sell,INDIGO,1.34,0.61,>0.5,1896.65,1906.1,1883.4,0%,No entry,No entry,No exit,1897.65,2023-04-10 14:30:00+05:30
192,21-04-2023,Sell,HINDUNILVR,1.35,0.4,<0.5,2537,2549.7,2519.2,0%,No entry,No entry,No exit,2541.15,2023-02-15 10:45:00+05:30
193,21-04-2023,Sell,UBL,1.36,0.55,>0.5,1389.55,1396.5,1379.8,0%,SL Hit,2023-04-19 11:45:00+05:30,2023-04-19 12:00:00+05:30,1388.25,2023-04-19 11:45:00+05:30
194,21-04-2023,Sell,VOLTAS,1.37,0.26,<0.5,772.1,776,766.7,0%,SL Hit,2023-01-23 11:15:00+05:30,2023-01-23 13:00:00+05:30,769.15,2023-01-23 11:15:00+05:30
195,21-04-2023,Sell,AUROPHARMA,1.38,0.6,>0.5,561.35,564.2,557.4,0%,Target Hit,2023-04-17 12:45:00+05:30,2023-04-17 13:30:00+05:30,556.15,2023-04-17 13:30:00+05:30
196,21-04-2023,Sell,SIEMENS,1.38,0.56,>0.5,3051,3066.3,3029.6,0%,Entered,2023-01-19 13:00:00+05:30,No exit,3043,2023-01-19 15:15:00+05:30
197,21-04-2023,Sell,SBICARD,1.39,0.42,<0.5,749.4,753.1,744.2,0%,Target Hit,2023-02-21 10:45:00+05:30,2023-02-21 12:15:00+05:30,742.8,2023-02-21 12:15:00+05:30
198,21-04-2023,Sell,SUNTV,1.39,0.59,>0.5,475.1,477.5,471.8,0%,No entry,No entry,No exit,477,2023-01-05 13:15:00+05:30
199,21-04-2023,Sell,BPCL,1.4,0.47,<0.5,317.15,318.7,314.9,0%,Target Hit,2023-02-28 10:30:00+05:30,2023-02-28 11:00:00+05:30,314.05,2023-02-28 11:15:00+05:30
200,21-04-2023,Sell,BERGEPAINT,1.41,0.62,>0.5,556.8,559.6,552.9,0%,SL Hit,2023-01-13 10:30:00+05:30,2023-01-13 12:45:00+05:30,556.6,2023-01-13 10:45:00+05:30
201,21-04-2023,Sell,GRANULES,1.41,0.55,>0.5,297.05,298.5,295,1%,Target Hit,2023-04-11 11:30:00+05:30,2023-04-11 14:15:00+05:30,293.05,2023-04-11 15:15:00+05:30
202,21-04-2023,Sell,GRASIM,1.41,0.44,<0.5,1614.85,1622.9,1603.5,1%,Target Hit,2023-01-24 11:45:00+05:30,2023-01-24 13:15:00+05:30,1593.2,2023-01-24 13:45:00+05:30
203,21-04-2023,Sell,JKCEMENT,1.42,0.38,<0.5,2749.7,2763.4,2730.5,0%,Target Hit,2023-02-14 12:30:00+05:30,2023-02-14 14:30:00+05:30,2726.5,2023-02-14 14:30:00+05:30
204,21-04-2023,Sell,SAIL,1.42,0.52,>0.5,86.6,87,86,0%,SL Hit,2023-01-17 10:30:00+05:30,2023-01-17 15:00:00+05:30,86.05,2023-01-17 13:00:00+05:30
205,21-04-2023,Sell,APOLLOTYRE,1.43,0.49,<0.5,320.2,321.8,318,1%,Target Hit,2023-03-09 10:45:00+05:30,2023-03-09 12:15:00+05:30,313.55,2023-03-09 15:15:00+05:30
206,21-04-2023,Sell,ASTRAL,1.44,0.57,>0.5,1433.05,1440.2,1423,0%,No entry,No entry,No exit,1440.55,2023-04-17 10:45:00+05:30
207,21-04-2023,Sell,BHARTIARTL,1.44,0.49,<0.5,739.55,743.2,734.4,0%,SL Hit,2023-03-17 10:30:00+05:30,2023-03-17 11:45:00+05:30,740,2023-03-17 10:45:00+05:30
208,21-04-2023,Sell,COLPAL,1.44,0.36,<0.5,1550.1,1557.9,1539.2,0%,Entered,2023-04-18 15:15:00+05:30,No exit,1547,2023-04-18 15:15:00+05:30
209,21-04-2023,Sell,IPCALAB,1.44,0.48,<0.5,791.25,795.2,785.7,0%,SL Hit,2023-03-08 12:00:00+05:30,2023-03-08 12:45:00+05:30,790.05,2023-03-08 12:15:00+05:30
210,21-04-2023,Sell,OFSS,1.44,0.33,<0.5,3103,3118,3081.3,0%,Entered,2023-01-19 11:45:00+05:30,No exit,3087.1,2023-01-19 15:15:00+05:30
211,21-04-2023,Sell,GUJGASLTD,1.46,0.31,<0.5,443,445.2,439.9,0%,SL Hit,2023-01-17 11:00:00+05:30,2023-01-17 11:15:00+05:30,442.15,2023-01-17 11:00:00+05:30
212,21-04-2023,Sell,IDFCFIRSTB,1.47,0.5,<0.5,60.3,60.6,59.9,0%,No entry,No entry,No exit,60.35,2023-01-16 09:30:00+05:30
213,21-04-2023,Sell,NATIONALUM,1.48,0.56,>0.5,83,83.4,82.4,0%,SL Hit,2023-01-17 11:30:00+05:30,2023-01-17 13:30:00+05:30,82.6,2023-01-17 13:15:00+05:30
214,21-04-2023,Sell,ALKEM,1.49,0.49,<0.5,3201.6,3217.6,3179.2,0%,No entry,No entry,No exit,3203.2,2023-03-28 12:15:00+05:30
215,21-04-2023,Sell,HCLTECH,1.49,0.47,<0.5,1056.3,1061.6,1048.9,0%,No entry,No entry,No exit,1056.5,2023-01-10 11:30:00+05:30
216,21-04-2023,Sell,DALBHARAT,1.51,0.48,<0.5,1874.25,1883.6,1861.1,0%,Entered,2023-01-03 13:00:00+05:30,No exit,1865.5,2023-01-03 15:15:00+05:30
217,21-04-2023,Sell,GUJGASLTD,1.51,0.54,>0.5,450.5,452.8,447.3,0%,No entry,No entry,No exit,452.75,2023-01-19 12:45:00+05:30
218,21-04-2023,Sell,BHARTIARTL,1.55,0.59,>0.5,812.2,816.3,806.5,0%,Target Hit,2023-01-05 11:30:00+05:30,2023-01-05 12:30:00+05:30,803.8,2023-01-05 14:00:00+05:30
219,21-04-2023,Sell,INDIGO,1.55,0.39,<0.5,1893.25,1902.7,1880,0%,Entered,2023-02-16 14:15:00+05:30,No exit,1890,2023-02-16 14:15:00+05:30
220,21-04-2023,Sell,MOTHERSON,1.55,0.44,<0.5,79.25,79.6,78.7,0%,No entry,No entry,No exit,79.35,2023-02-10 09:30:00+05:30
221,21-04-2023,Sell,TVSMOTOR,1.57,0.28,<0.5,1126,1131.6,1118.1,0%,SL Hit,2023-04-12 11:00:00+05:30,2023-04-12 12:30:00+05:30,1123.75,2023-04-12 11:30:00+05:30
222,21-04-2023,Sell,SUNTV,1.58,0.56,>0.5,448.25,450.5,445.1,0%,No entry,No entry,No exit,449.6,2023-02-20 15:00:00+05:30
223,21-04-2023,Sell,INDIACEM,1.59,0.49,<0.5,219.7,220.8,218.2,0%,SL Hit,2023-01-03 12:00:00+05:30,2023-01-03 13:15:00+05:30,219,2023-01-03 12:15:00+05:30
224,21-04-2023,Sell,SIEMENS,1.59,0.59,>0.5,3085.15,3100.6,3063.6,0%,SL Hit,2023-02-14 11:30:00+05:30,2023-02-14 12:15:00+05:30,3080.1,2023-02-14 11:30:00+05:30
225,21-04-2023,Sell,TATAPOWER,1.6,0.61,>0.5,202.85,203.9,201.4,0%,No entry,No entry,No exit,204.2,2023-02-10 10:00:00+05:30
226,21-04-2023,Sell,TRENT,1.61,0.42,<0.5,1188,1193.9,1179.7,0%,SL Hit,2023-01-20 12:15:00+05:30,2023-01-20 12:30:00+05:30,1177,2023-01-20 15:15:00+05:30
227,21-04-2023,Sell,ULTRACEMCO,1.61,0.45,<0.5,6786.45,6820.4,6738.9,0%,No entry,No entry,No exit,6792,2023-01-24 15:15:00+05:30
228,21-04-2023,Sell,TVSMOTOR,1.62,0.35,<0.5,980.1,985,973.2,0%,SL Hit,2023-01-17 11:00:00+05:30,2023-01-17 11:45:00+05:30,977.55,2023-01-17 13:00:00+05:30
229,21-04-2023,Sell,ICICIBANK,1.63,0.48,<0.5,829.3,833.4,823.5,1%,Target Hit,2023-01-27 10:45:00+05:30,2023-01-27 12:00:00+05:30,813.95,2023-01-27 14:45:00+05:30
230,21-04-2023,Sell,LALPATHLAB,1.65,0.29,<0.5,2127,2137.6,2112.1,0%,SL Hit,2023-01-17 12:15:00+05:30,2023-01-17 14:45:00+05:30,2121.05,2023-01-17 12:30:00+05:30
231,21-04-2023,Sell,BANDHANBNK,1.66,0.54,>0.5,207.6,208.6,206.1,0%,SL Hit,2023-04-10 10:45:00+05:30,2023-04-10 12:00:00+05:30,206.75,2023-04-10 11:15:00+05:30
232,21-04-2023,Sell,M&MFIN,1.67,0.51,>0.5,253.05,254.3,251.3,0%,SL Hit,2023-03-02 13:30:00+05:30,2023-03-02 14:15:00+05:30,251.95,2023-03-02 15:15:00+05:30
233,21-04-2023,Sell,TATASTEEL,1.68,0.39,<0.5,105.2,105.7,104.5,1%,Target Hit,2023-02-28 10:30:00+05:30,2023-02-28 10:45:00+05:30,103.6,2023-02-28 15:15:00+05:30
234,21-04-2023,Sell,PEL,1.72,0.5,<0.5,841.05,845.3,835.2,0%,Entered,2023-01-24 15:15:00+05:30,No exit,840,2023-01-24 15:15:00+05:30
235,21-04-2023,Sell,CROMPTON,1.73,0.42,<0.5,320,321.6,317.8,0%,No entry,No entry,No exit,321.55,2023-01-18 10:45:00+05:30
236,21-04-2023,Sell,DIXON,1.73,0.61,>0.5,2931,2945.7,2910.5,0%,No entry,No entry,No exit,2938.05,2023-04-17 13:45:00+05:30
237,21-04-2023,Sell,INDHOTEL,1.73,0.61,>0.5,312.65,314.2,310.5,0%,SL Hit,2023-02-14 12:30:00+05:30,2023-02-14 14:00:00+05:30,310.7,2023-02-14 13:30:00+05:30
238,21-04-2023,Sell,TATACONSUM,1.73,0.55,>0.5,728.15,731.8,723.1,0%,Target Hit,2023-02-03 10:30:00+05:30,2023-02-03 12:30:00+05:30,720.45,2023-02-03 13:00:00+05:30
239,21-04-2023,Sell,TATAMOTORS,1.74,0.5,<0.5,407.7,409.7,404.8,0%,No entry,No entry,No exit,410,2023-01-16 10:15:00+05:30
240,21-04-2023,Sell,BAJAJFINSV,1.75,0.54,>0.5,1424.65,1431.8,1414.7,0%,Target Hit,2023-01-09 13:00:00+05:30,2023-01-09 13:15:00+05:30,1408.75,2023-01-09 13:45:00+05:30
241,21-04-2023,Sell,BSOFT,1.75,0.51,>0.5,283.35,284.8,281.4,0%,Target Hit,2023-03-09 11:45:00+05:30,2023-03-09 15:00:00+05:30,280.7,2023-03-09 15:15:00+05:30
242,21-04-2023,Sell,SAIL,1.75,0.52,>0.5,87.2,87.6,86.6,0%,No entry,No entry,No exit,87.3,2023-01-12 09:30:00+05:30
243,21-04-2023,Sell,NAUKRI,1.77,0.59,>0.5,3487,3504.4,3462.6,0%,No entry,No entry,No exit,3495,2023-02-22 14:15:00+05:30
244,21-04-2023,Sell,METROPOLIS,1.81,0.45,<0.5,1335.05,1341.7,1325.7,0%,No entry,No entry,No exit,1337.55,2023-02-22 09:45:00+05:30
245,21-04-2023,Sell,GODREJPROP,1.82,0.37,<0.5,1240.95,1247.2,1232.3,0%,Target Hit,2023-01-03 12:00:00+05:30,2023-01-03 12:15:00+05:30,1231,2023-01-03 12:15:00+05:30
246,21-04-2023,Sell,IBULHSGFIN,1.86,0.48,<0.5,142.1,142.8,141.1,1%,Target Hit,2023-01-06 12:15:00+05:30,2023-01-06 12:30:00+05:30,139.15,2023-01-06 15:15:00+05:30
247,21-04-2023,Sell,PVR,1.86,0.53,>0.5,1482.45,1489.9,1472.1,0%,No entry,No entry,No exit,1496.65,2023-04-20 13:30:00+05:30
248,21-04-2023,Sell,TATAMOTORS,1.86,0.49,<0.5,434.45,436.6,431.4,0%,No entry,No entry,No exit,436.65,2023-02-14 10:45:00+05:30
249,21-04-2023,Sell,PIIND,1.88,0.48,<0.5,3183.75,3199.7,3161.5,1%,Target Hit,2023-01-23 10:45:00+05:30,2023-01-23 11:15:00+05:30,3119.05,2023-01-23 15:15:00+05:30
250,21-04-2023,Sell,GUJGASLTD,1.89,0.57,>0.5,495.05,497.5,491.6,1%,Target Hit,2023-03-15 10:30:00+05:30,2023-03-15 12:30:00+05:30,488.7,2023-03-15 12:45:00+05:30
251,21-04-2023,Sell,ICICIPRULI,1.89,0.55,>0.5,445,447.2,441.9,0%,No entry,No entry,No exit,447.05,2023-01-02 11:30:00+05:30
252,21-04-2023,Sell,LICHSGFIN,1.89,0.48,<0.5,365.1,366.9,362.5,0%,SL Hit,2023-02-14 11:30:00+05:30,2023-02-14 12:00:00+05:30,365.05,2023-02-14 11:30:00+05:30
253,21-04-2023,Sell,WHIRLPOOL,1.91,0.24,<0.5,1431.2,1438.4,1421.2,0%,No entry,No entry,No exit,1434.2,2023-01-18 11:00:00+05:30
254,21-04-2023,Sell,INDUSTOWER,1.92,0.61,>0.5,171.25,172.1,170.1,1%,Target Hit,2023-01-24 11:15:00+05:30,2023-01-24 12:30:00+05:30,169,2023-01-24 15:15:00+05:30
255,21-04-2023,Sell,TRENT,1.93,0.56,>0.5,1337.55,1344.2,1328.2,0%,SL Hit,2023-02-20 11:45:00+05:30,2023-02-20 14:45:00+05:30,1333.3,2023-02-20 12:45:00+05:30
256,21-04-2023,Sell,INDIGO,1.94,0.6,>0.5,2070,2080.4,2055.5,0%,No entry,No entry,No exit,2083.25,2023-01-25 11:45:00+05:30
257,21-04-2023,Sell,PETRONET,1.94,0.52,>0.5,232.4,233.6,230.8,1%,Target Hit,2023-04-10 12:00:00+05:30,2023-04-10 12:30:00+05:30,227.35,2023-04-10 15:15:00+05:30
258,21-04-2023,Sell,EXIDEIND,1.95,0.35,<0.5,178.25,179.1,177,0%,SL Hit,2023-02-10 11:45:00+05:30,2023-02-10 12:15:00+05:30,178,2023-02-10 11:45:00+05:30
259,21-04-2023,Sell,BAJAJFINSV,1.96,0.44,<0.5,1528.55,1536.2,1517.9,0%,No entry,No entry,No exit,1536,2023-01-02 09:45:00+05:30
260,21-04-2023,Sell,VOLTAS,1.96,0.44,<0.5,885.1,889.5,878.9,0%,Target Hit,2023-03-17 11:15:00+05:30,2023-03-17 12:30:00+05:30,878.3,2023-03-17 15:15:00+05:30
261,21-04-2023,Sell,ASTRAL,1.98,0.52,>0.5,1414.35,1421.4,1404.4,1%,Target Hit,2023-03-13 14:15:00+05:30,2023-03-13 14:30:00+05:30,1394.95,2023-03-13 14:30:00+05:30
262,21-04-2023,Sell,HINDALCO,1.99,0.35,<0.5,485.15,487.6,481.8,0%,Entered,2023-01-12 10:30:00+05:30,No exit,482.2,2023-01-12 12:45:00+05:30
263,21-04-2023,Sell,DIXON,2.02,0.52,>0.5,3819.2,3838.3,3792.5,0%,Target Hit,2023-01-05 12:00:00+05:30,2023-01-05 13:15:00+05:30,3791.1,2023-01-05 13:15:00+05:30
264,21-04-2023,Sell,NTPC,2.04,0.5,<0.5,178,178.9,176.8,0%,SL Hit,2023-03-17 12:00:00+05:30,2023-03-17 12:30:00+05:30,175.9,2023-03-17 15:15:00+05:30
265,21-04-2023,Sell,BPCL,2.06,0.56,>0.5,337.6,339.3,335.2,1%,Target Hit,2023-02-01 13:15:00+05:30,2023-02-01 14:00:00+05:30,330.5,2023-02-01 14:45:00+05:30
266,21-04-2023,Sell,HEROMOTOCO,2.07,0.5,<0.5,2436.45,2448.6,2419.4,0%,Entered,2023-02-27 12:30:00+05:30,No exit,2430,2023-02-27 13:00:00+05:30
267,21-04-2023,Sell,COFORGE,2.08,0.56,>0.5,4039,4059.2,4010.7,0%,Target Hit,2023-02-13 13:15:00+05:30,2023-02-13 15:15:00+05:30,4000.3,2023-02-13 13:15:00+05:30
268,21-04-2023,Sell,CANFINHOME,2.09,0.39,<0.5,557.5,560.3,553.6,0%,No entry,No entry,No exit,559.55,2023-03-08 14:30:00+05:30
269,21-04-2023,Sell,DEEPAKNTR,2.1,0.57,>0.5,1793,1802,1780.4,0%,No entry,No entry,No exit,1806.85,2023-03-08 13:45:00+05:30
270,21-04-2023,Sell,APOLLOHOSP,2.11,0.59,>0.5,4288,4309.4,4258,0%,Target Hit,2023-02-14 12:30:00+05:30,2023-02-14 15:15:00+05:30,4251.05,2023-02-14 15:15:00+05:30
271,21-04-2023,Sell,LTIM,2.13,0.51,>0.5,4541.25,4564,4509.5,2%,Target Hit,2023-02-03 10:45:00+05:30,2023-02-03 11:00:00+05:30,4410,2023-02-03 12:00:00+05:30
272,21-04-2023,Sell,MARICO,2.16,0.29,<0.5,503.25,505.8,499.7,1%,Target Hit,2023-01-11 11:00:00+05:30,2023-01-11 11:45:00+05:30,494.75,2023-01-11 12:45:00+05:30
273,21-04-2023,Sell,M&MFIN,2.21,0.5,<0.5,259.45,260.7,257.6,0%,SL Hit,2023-02-13 11:30:00+05:30,2023-02-13 11:45:00+05:30,259.2,2023-02-13 11:30:00+05:30
274,21-04-2023,Sell,GODREJCP,2.25,0.42,<0.5,923.35,928,916.9,0%,No entry,No entry,No exit,928.95,2023-02-06 10:45:00+05:30
275,21-04-2023,Sell,LALPATHLAB,2.3,0.55,>0.5,1837.8,1847,1824.9,0%,Target Hit,2023-03-10 12:15:00+05:30,2023-03-10 13:15:00+05:30,1817.1,2023-03-10 13:30:00+05:30
276,21-04-2023,Sell,TECHM,2.32,0.53,>0.5,1003,1008,996,0%,No entry,No entry,No exit,1005.3,2023-02-03 10:45:00+05:30
277,21-04-2023,Sell,INDUSTOWER,2.36,0.41,<0.5,165.7,166.5,164.5,0%,SL Hit,2023-02-28 10:45:00+05:30,2023-02-28 11:00:00+05:30,165.55,2023-02-28 10:45:00+05:30
278,21-04-2023,Sell,TITAN,2.39,0.59,>0.5,2469.55,2481.9,2452.3,0%,No entry,No entry,No exit,2470.4,2023-01-09 14:00:00+05:30
279,21-04-2023,Sell,HDFCLIFE,2.41,0.34,<0.5,529.45,532.1,525.7,0%,No entry,No entry,No exit,530.1,2023-04-17 10:45:00+05:30
280,21-04-2023,Sell,BAJAJFINSV,2.42,0.54,>0.5,1324.3,1330.9,1315,0%,No entry,No entry,No exit,1339.15,2023-01-31 15:00:00+05:30
281,21-04-2023,Sell,CUMMINSIND,2.45,0.51,>0.5,1502.25,1509.8,1491.7,0%,SL Hit,2023-04-17 11:00:00+05:30,2023-04-17 11:45:00+05:30,1493,2023-04-17 13:45:00+05:30
282,21-04-2023,Sell,HINDALCO,2.47,0.36,<0.5,403.3,405.3,400.5,1%,Target Hit,2023-02-28 10:30:00+05:30,2023-02-28 10:45:00+05:30,398.1,2023-02-28 15:15:00+05:30
283,21-04-2023,Sell,BHARATFORG,2.49,0.43,<0.5,743.9,747.6,738.7,0%,No entry,No entry,No exit,749.55,2023-04-10 10:45:00+05:30
284,21-04-2023,Sell,AXISBANK,2.5,0.34,<0.5,870.05,874.4,864,2%,Target Hit,2023-01-27 11:30:00+05:30,2023-01-27 12:00:00+05:30,851,2023-01-27 12:30:00+05:30
285,21-04-2023,Sell,BIOCON,2.51,0.49,<0.5,252.2,253.5,250.4,0%,Entered,2023-01-11 11:30:00+05:30,No exit,251,2023-01-11 14:00:00+05:30
286,21-04-2023,Sell,LTTS,2.54,0.35,<0.5,3265.05,3281.4,3242.2,1%,Target Hit,2023-01-20 13:15:00+05:30,2023-01-20 14:30:00+05:30,3217,2023-01-20 14:45:00+05:30
287,21-04-2023,Sell,SUNPHARMA,2.61,0.41,<0.5,1016.85,1021.9,1009.7,0%,No entry,No entry,No exit,1028.25,2023-01-20 15:00:00+05:30
288,21-04-2023,Sell,PEL,2.63,0.55,>0.5,852,856.3,846,1%,Target Hit,2023-02-20 12:45:00+05:30,2023-02-20 13:30:00+05:30,839.05,2023-02-20 15:15:00+05:30
289,21-04-2023,Sell,BIOCON,2.66,0.56,>0.5,226.8,227.9,225.2,0%,No entry,No entry,No exit,228.2,2023-04-19 15:15:00+05:30
290,21-04-2023,Sell,HCLTECH,2.66,0.46,<0.5,1042.3,1047.5,1035,0%,No entry,No entry,No exit,1054.35,2023-01-13 11:30:00+05:30
291,21-04-2023,Sell,DELTACORP,2.81,0.62,>0.5,190.55,191.5,189.2,0%,SL Hit,2023-04-11 11:45:00+05:30,2023-04-11 12:30:00+05:30,187.3,2023-04-11 13:15:00+05:30
292,21-04-2023,Sell,BSOFT,2.85,0.54,>0.5,281.4,282.8,279.4,0%,No entry,No entry,No exit,283.95,2023-03-08 11:00:00+05:30
293,21-04-2023,Sell,METROPOLIS,2.85,0.44,<0.5,1322.35,1329,1313.1,1%,Target Hit,2023-01-20 13:45:00+05:30,2023-01-20 14:30:00+05:30,1302,2023-01-20 15:15:00+05:30
294,21-04-2023,Sell,COFORGE,2.88,0.3,<0.5,4117.95,4138.5,4089.1,0%,No entry,No entry,No exit,4126.05,2023-03-10 10:45:00+05:30
295,21-04-2023,Sell,MFSL,2.99,0.33,<0.5,834.55,838.7,828.7,0%,SL Hit,2023-01-27 13:00:00+05:30,2023-01-27 14:45:00+05:30,831.85,2023-01-27 15:15:00+05:30
296,21-04-2023,Sell,RELIANCE,3.12,0.23,<0.5,2349.25,2361,2332.8,0%,No entry,No entry,No exit,2361.4,2023-04-17 14:30:00+05:30
297,21-04-2023,Sell,BAJAJ-AUTO,3.16,0.47,<0.5,3680,3698.4,3654.2,1%,Target Hit,2023-02-27 11:15:00+05:30,2023-02-27 12:15:00+05:30,3627,2023-02-27 15:15:00+05:30
298,21-04-2023,Sell,RAIN,3.19,0.42,<0.5,165.2,166,164,0%,No entry,No entry,No exit,165.65,2023-02-15 12:00:00+05:30
299,21-04-2023,Sell,MANAPPURAM,3.33,0.49,<0.5,113.1,113.7,112.3,0%,Entered,2023-01-19 15:15:00+05:30,No exit,113.1,2023-01-19 09:15:00+05:30
300,21-04-2023,Sell,MCDOWELL-N,3.39,0.59,>0.5,738.8,742.5,733.6,0%,No entry,No entry,No exit,746.9,2023-01-27 11:00:00+05:30
